<?xml version="1.0" encoding="utf-8"?>
<annotations>
  <version>1.1</version>
  <meta>
    <task>
      <id>225374</id>
      <name>class4_black_rat_snake</name>
      <size>100</size>
      <mode>annotation</mode>
      <overlap>0</overlap>
      <bugtracker></bugtracker>
      <created>2022-03-23 19:56:08.149066+00:00</created>
      <updated>2022-03-23 20:49:17.464393+00:00</updated>
      <subset>Train</subset>
      <start_frame>0</start_frame>
      <stop_frame>99</stop_frame>
      <frame_filter></frame_filter>
      <segments>
        <segment>
          <id>319322</id>
          <start>0</start>
          <stop>99</stop>
          <url>http://cvat.org/?id=319322</url>
        </segment>
      </segments>
      <owner>
        <username>eduardomoraes</username>
        <email>eduardodmoraes@gmail.com</email>
      </owner>
      <assignee>
        <username>eduardomoraes</username>
        <email>eduardodmoraes@gmail.com</email>
      </assignee>
      <labels>
        <label>
          <name>black_rat_snake</name>
          <color>#c9d8b6</color>
          <attributes>
          </attributes>
        </label>
      </labels>
    </task>
    <dumped>2022-03-23 20:50:30.978644+00:00</dumped>
  </meta>
  <image id="0" name="001bfa21d5eb931a0d101ded5b06f346.jpg" width="384" height="384">
    <box label="black_rat_snake" occluded="0" source="manual" xtl="2.29" ytl="119.43" xbr="330.29" ybr="270.29" z_order="0">
    </box>
  </image>
  <image id="1" name="00b6e9a850aca8a3fe28b9ef77cda5b7.jpg" width="384" height="384">
    <box label="black_rat_snake" occluded="0" source="manual" xtl="42.86" ytl="112.57" xbr="349.71" ybr="355.43" z_order="0">
    </box>
  </image>
  <image id="2" name="00c08642b76a8cfe979e971ddf1ab176.jpg" width="384" height="384">
    <box label="black_rat_snake" occluded="0" source="manual" xtl="4.57" ytl="143.43" xbr="329.14" ybr="224.00" z_order="0">
    </box>
  </image>
  <image id="3" name="01a71869543eb8004a468af0398900dd.jpg" width="384" height="384">
    <box label="black_rat_snake" occluded="0" source="manual" xtl="3.43" ytl="160.57" xbr="372.57" ybr="252.00" z_order="0">
    </box>
  </image>
  <image id="4" name="01b904e6b0c3949e6ceca94c1fc09b34.jpg" width="384" height="384">
    <box label="black_rat_snake" occluded="0" source="manual" xtl="6.29" ytl="24.57" xbr="377.71" ybr="354.86" z_order="0">
    </box>
  </image>
  <image id="5" name="01be684dacf3fdb2f226dc0046f567df.jpg" width="384" height="384">
    <box label="black_rat_snake" occluded="0" source="manual" xtl="20.57" ytl="57.71" xbr="360.57" ybr="318.29" z_order="0">
    </box>
  </image>
  <image id="6" name="01cd9cbc68ec225df2a62b0fc8d770d5.jpg" width="384" height="384">
    <box label="black_rat_snake" occluded="0" source="manual" xtl="11.43" ytl="144.00" xbr="376.00" ybr="246.29" z_order="0">
    </box>
  </image>
  <image id="7" name="01cf22453e6440ef3a9057574c064b70.jpg" width="384" height="384">
    <box label="black_rat_snake" occluded="0" source="manual" xtl="104.00" ytl="5.14" xbr="277.14" ybr="378.29" z_order="0">
    </box>
  </image>
  <image id="8" name="01d7596f91b72fcf2a3db9bc6f1a545e.jpg" width="384" height="384">
    <box label="black_rat_snake" occluded="0" source="manual" xtl="3.43" ytl="169.14" xbr="369.14" ybr="218.29" z_order="0">
    </box>
  </image>
  <image id="9" name="01fdef8d604bdfbc7817989d39dee865.jpg" width="384" height="384">
    <box label="black_rat_snake" occluded="0" source="manual" xtl="17.14" ytl="24.57" xbr="378.86" ybr="354.86" z_order="0">
    </box>
  </image>
  <image id="10" name="0a0508c813def384b2c61cd326080c07.jpg" width="384" height="384">
    <box label="black_rat_snake" occluded="0" source="manual" xtl="4.57" ytl="135.43" xbr="373.71" ybr="245.14" z_order="0">
    </box>
  </image>
  <image id="11" name="0a0fb773711bd1d5c9a8b3ca49a3d3b1.jpg" width="384" height="384">
    <box label="black_rat_snake" occluded="0" source="manual" xtl="5.14" ytl="70.29" xbr="376.57" ybr="308.57" z_order="0">
    </box>
  </image>
  <image id="12" name="0a136bee04b2b03556118df51bc4eb7a.jpg" width="384" height="384">
    <box label="black_rat_snake" occluded="0" source="manual" xtl="11.43" ytl="170.86" xbr="371.43" ybr="268.00" z_order="0">
    </box>
  </image>
  <image id="13" name="0a2511d92aa68268f74237da8b70d160.jpg" width="384" height="384">
    <box label="black_rat_snake" occluded="0" source="manual" xtl="26.29" ytl="73.14" xbr="364.57" ybr="281.71" z_order="0">
    </box>
  </image>
  <image id="14" name="0a406dfceaf1445b503f694817ba0790.jpg" width="384" height="384">
    <box label="black_rat_snake" occluded="0" source="manual" xtl="27.43" ytl="39.43" xbr="370.29" ybr="355.43" z_order="0">
    </box>
  </image>
  <image id="15" name="0a4408b5f430a394892361051a493b8b.jpg" width="384" height="384">
    <box label="black_rat_snake" occluded="0" source="manual" xtl="52.00" ytl="2.29" xbr="301.71" ybr="366.86" z_order="0">
    </box>
  </image>
  <image id="16" name="0a466c08fdc5c3d5145308cdc5295ff7.jpg" width="384" height="384">
    <box label="black_rat_snake" occluded="0" source="manual" xtl="41.14" ytl="159.43" xbr="358.29" ybr="233.14" z_order="0">
    </box>
  </image>
  <image id="17" name="0a84cb89bbce8ae0d8ee0264d05898a2.jpg" width="384" height="384">
    <box label="black_rat_snake" occluded="0" source="manual" xtl="76.57" ytl="46.86" xbr="239.43" ybr="378.86" z_order="0">
    </box>
  </image>
  <image id="18" name="0aaa8368e5b7f9fe1307b7af35f24969.jpg" width="384" height="384">
    <box label="black_rat_snake" occluded="0" source="manual" xtl="20.00" ytl="99.43" xbr="339.43" ybr="258.86" z_order="0">
    </box>
  </image>
  <image id="19" name="0ada89a89d77f15acfdb5ac20c1512b4.jpg" width="384" height="384">
    <box label="black_rat_snake" occluded="0" source="manual" xtl="158.30" ytl="77.14" xbr="284.57" ybr="254.86" z_order="0">
    </box>
  </image>
  <image id="20" name="0ae939b3a3f355393598344d1980c206.jpg" width="384" height="384">
    <box label="black_rat_snake" occluded="0" source="manual" xtl="44.00" ytl="92.00" xbr="310.86" ybr="314.86" z_order="0">
    </box>
  </image>
  <image id="21" name="0aebdb12d30cbee69b8fd237b05f7b5f.jpg" width="384" height="384">
    <box label="black_rat_snake" occluded="0" source="manual" xtl="205.71" ytl="178.29" xbr="345.14" ybr="263.43" z_order="0">
    </box>
  </image>
  <image id="22" name="0aed8b4c3e77550bc52b701d578d7808.jpg" width="384" height="384">
    <box label="black_rat_snake" occluded="0" source="manual" xtl="63.43" ytl="134.86" xbr="282.86" ybr="296.57" z_order="0">
    </box>
  </image>
  <image id="23" name="0af27e3528be474a3c32c99d789167a7.jpg" width="384" height="384">
    <box label="black_rat_snake" occluded="0" source="manual" xtl="69.71" ytl="50.86" xbr="324.00" ybr="322.86" z_order="0">
    </box>
  </image>
  <image id="24" name="0b3b57ab90aeb0640e8e7b53ec9f21ad.jpg" width="384" height="384">
    <box label="black_rat_snake" occluded="0" source="manual" xtl="108.00" ytl="114.86" xbr="367.43" ybr="265.71" z_order="0">
    </box>
  </image>
  <image id="25" name="0b66d23efe37d87ada62ca377e3593fe.jpg" width="384" height="384">
    <box label="black_rat_snake" occluded="0" source="manual" xtl="24.00" ytl="70.29" xbr="348.57" ybr="314.29" z_order="0">
    </box>
  </image>
  <image id="26" name="0b82959a60b1968c6c12519518c5c919.jpg" width="384" height="384">
    <box label="black_rat_snake" occluded="0" source="manual" xtl="30.86" ytl="60.00" xbr="294.29" ybr="295.43" z_order="0">
    </box>
  </image>
  <image id="27" name="0b84491234617dab94fe61793870e941.jpg" width="384" height="384">
    <box label="black_rat_snake" occluded="0" source="manual" xtl="112.00" ytl="7.43" xbr="268.57" ybr="370.86" z_order="0">
    </box>
  </image>
  <image id="28" name="0ba06c3dd0cfe6ae627786b23814baf2.jpg" width="384" height="384">
    <box label="black_rat_snake" occluded="0" source="manual" xtl="218.86" ytl="120.57" xbr="366.29" ybr="258.86" z_order="0">
    </box>
  </image>
  <image id="29" name="0bb3bf2da966d1b1d51159f8b0f9cb0f.jpg" width="384" height="384">
    <box label="black_rat_snake" occluded="0" source="manual" xtl="27.43" ytl="168.57" xbr="248.00" ybr="339.43" z_order="0">
    </box>
  </image>
  <image id="30" name="0bbad8b87fb04a01327e6c1e655ade37.jpg" width="384" height="384">
    <box label="black_rat_snake" occluded="0" source="manual" xtl="156.57" ytl="13.14" xbr="227.43" ybr="297.14" z_order="0">
    </box>
  </image>
  <image id="31" name="0bc4cf2dcca6d2df5b6fd28a6aa406d5.jpg" width="384" height="384">
    <box label="black_rat_snake" occluded="0" source="manual" xtl="167.43" ytl="58.29" xbr="238.86" ybr="371.43" z_order="0">
    </box>
  </image>
  <image id="32" name="0bf2bfd11c2a4a697c26c9d76f99fe55.jpg" width="384" height="384">
    <box label="black_rat_snake" occluded="0" source="manual" xtl="152.00" ytl="17.71" xbr="232.57" ybr="369.14" z_order="0">
    </box>
  </image>
  <image id="33" name="0bfc8fca4aa0d369cd467da11429f2c9.jpg" width="384" height="384">
    <box label="black_rat_snake" occluded="0" source="manual" xtl="22.86" ytl="48.00" xbr="358.29" ybr="295.43" z_order="0">
    </box>
  </image>
  <image id="34" name="0c0063649f1fa2768f72528a8c8dac26.jpg" width="384" height="384">
    <box label="black_rat_snake" occluded="0" source="manual" xtl="24.00" ytl="155.43" xbr="310.29" ybr="228.57" z_order="0">
    </box>
  </image>
  <image id="35" name="0c8148197220dccde28697d0c195ea7c.jpg" width="384" height="384">
    <box label="black_rat_snake" occluded="0" source="manual" xtl="58.29" ytl="26.86" xbr="336.57" ybr="367.43" z_order="0">
    </box>
  </image>
  <image id="36" name="0c8e48ee8000c0ab6f3d51e117e26a76.jpg" width="384" height="384">
    <box label="black_rat_snake" occluded="0" source="manual" xtl="21.71" ytl="175.43" xbr="378.29" ybr="222.29" z_order="0">
    </box>
  </image>
  <image id="37" name="0c953eea750ec8873c5c4ddda0c85c7e.jpg" width="384" height="384">
    <box label="black_rat_snake" occluded="0" source="manual" xtl="143.43" ytl="9.71" xbr="265.71" ybr="373.71" z_order="0">
    </box>
  </image>
  <image id="38" name="0c9ccd5245d5c33d63e5f06e6026ea23.jpg" width="384" height="384">
    <box label="black_rat_snake" occluded="0" source="manual" xtl="144.57" ytl="90.29" xbr="360.57" ybr="224.00" z_order="0">
    </box>
  </image>
  <image id="39" name="0cb9e3d225df40b65afcd634e3853538.jpg" width="384" height="384">
    <box label="black_rat_snake" occluded="0" source="manual" xtl="190.84" ytl="98.29" xbr="235.44" ybr="194.83" z_order="0">
    </box>
  </image>
  <image id="40" name="0cbfa4156146990f1f3d59463be850a1.jpg" width="384" height="384">
    <box label="black_rat_snake" occluded="0" source="manual" xtl="71.43" ytl="76.57" xbr="358.86" ybr="247.43" z_order="0">
    </box>
  </image>
  <image id="41" name="0cc66e864fc714e4993670a4392362da.jpg" width="384" height="384">
    <box label="black_rat_snake" occluded="0" source="manual" xtl="5.14" ytl="110.29" xbr="378.86" ybr="287.43" z_order="0">
    </box>
  </image>
  <image id="42" name="0cd252c938f2a09ae845a4d73f2f0508.jpg" width="384" height="384">
    <box label="black_rat_snake" occluded="0" source="manual" xtl="8.00" ytl="142.86" xbr="104.00" ybr="246.29" z_order="0">
    </box>
  </image>
  <image id="43" name="0cd32056774448faa091be0cca91e72f.jpg" width="384" height="384">
    <box label="black_rat_snake" occluded="0" source="manual" xtl="132.00" ytl="17.71" xbr="238.86" ybr="364.57" z_order="0">
    </box>
  </image>
  <image id="44" name="0cd4d50387e52e3d66831208727f61e9.jpg" width="384" height="384">
    <box label="black_rat_snake" occluded="0" source="manual" xtl="40.57" ytl="109.14" xbr="345.14" ybr="224.57" z_order="0">
    </box>
  </image>
  <image id="45" name="0ceb8cd08f7a80b9ffaea076da001c07.jpg" width="384" height="384">
    <box label="black_rat_snake" occluded="0" source="manual" xtl="134.86" ytl="32.00" xbr="263.43" ybr="357.71" z_order="0">
    </box>
  </image>
  <image id="46" name="0d1e16ec1724a976f118675f67ed7524.jpg" width="384" height="384">
    <box label="black_rat_snake" occluded="0" source="manual" xtl="147.43" ytl="38.86" xbr="278.86" ybr="120.00" z_order="0">
    </box>
  </image>
  <image id="47" name="0d2b368ee9d3815696262cb1c65cabd8.jpg" width="384" height="384">
    <box label="black_rat_snake" occluded="0" source="manual" xtl="17.14" ytl="177.14" xbr="258.86" ybr="238.29" z_order="0">
    </box>
  </image>
  <image id="48" name="0d32920975d1d318089d4b17920669e4.jpg" width="384" height="384">
    <box label="black_rat_snake" occluded="0" source="manual" xtl="69.71" ytl="76.00" xbr="319.43" ybr="307.43" z_order="0">
    </box>
  </image>
  <image id="49" name="0d3f571865ed78fdd16e5cd711afa7d1.jpg" width="384" height="384">
    <box label="black_rat_snake" occluded="0" source="manual" xtl="40.00" ytl="134.86" xbr="365.71" ybr="344.00" z_order="0">
    </box>
  </image>
  <image id="50" name="0d4e48b5274e42ecebd94f964230a957.jpg" width="384" height="384">
    <box label="black_rat_snake" occluded="0" source="manual" xtl="133.14" ytl="9.14" xbr="249.14" ybr="349.71" z_order="0">
    </box>
  </image>
  <image id="51" name="0d4f22c1d1ce0b5d35ff29ccfb7c3e3e.jpg" width="384" height="384">
    <box label="black_rat_snake" occluded="0" source="manual" xtl="15.43" ytl="162.29" xbr="348.57" ybr="273.71" z_order="0">
    </box>
  </image>
  <image id="52" name="0d6b1dbd5a8bdd5cbcc841e5e5794480.jpg" width="384" height="384">
    <box label="black_rat_snake" occluded="0" source="manual" xtl="54.86" ytl="134.86" xbr="360.00" ybr="193.71" z_order="0">
    </box>
  </image>
  <image id="53" name="0d833c1fcb8e83cce45ab5a13cd43543.jpg" width="384" height="384">
    <box label="black_rat_snake" occluded="0" source="manual" xtl="174.86" ytl="47.43" xbr="336.00" ybr="294.86" z_order="0">
    </box>
  </image>
  <image id="54" name="0da8e21bd227b49afbfc5864e6135500.jpg" width="384" height="384">
    <box label="black_rat_snake" occluded="0" source="manual" xtl="10.29" ytl="146.29" xbr="358.86" ybr="252.00" z_order="0">
    </box>
  </image>
  <image id="55" name="0ddeb20e8de68b8a81d1962594b9590a.jpg" width="384" height="384">
    <box label="black_rat_snake" occluded="0" source="manual" xtl="34.29" ytl="130.29" xbr="349.14" ybr="171.43" z_order="0">
    </box>
  </image>
  <image id="56" name="0de871694c5eb44fb51c332f0e49c6ff.jpg" width="384" height="384">
    <box label="black_rat_snake" occluded="0" source="manual" xtl="6.29" ytl="109.71" xbr="376.00" ybr="223.43" z_order="0">
    </box>
  </image>
  <image id="57" name="0df54bec10ac923c532f990f8a98dfb3.jpg" width="384" height="384">
    <box label="black_rat_snake" occluded="0" source="manual" xtl="67.43" ytl="48.57" xbr="378.86" ybr="344.57" z_order="0">
    </box>
  </image>
  <image id="58" name="0e24e87e0b58fe32069b508ac6de9493.jpg" width="384" height="384">
    <box label="black_rat_snake" occluded="0" source="manual" xtl="0.00" ytl="158.29" xbr="129.14" ybr="245.14" z_order="0">
    </box>
  </image>
  <image id="59" name="0e26d8fc6c98ef8c2c256f8fbcae8d64.jpg" width="384" height="384">
    <box label="black_rat_snake" occluded="0" source="manual" xtl="12.57" ytl="148.00" xbr="374.86" ybr="272.57" z_order="0">
    </box>
  </image>
  <image id="60" name="0e2fb74d689c21c2564038d9c3a47bee.jpg" width="384" height="384">
    <box label="black_rat_snake" occluded="0" source="manual" xtl="2.86" ytl="160.57" xbr="290.86" ybr="197.14" z_order="0">
    </box>
  </image>
  <image id="61" name="0e54a884c28f6781a5aa7bec768c3067.jpg" width="384" height="384">
    <box label="black_rat_snake" occluded="0" source="manual" xtl="17.71" ytl="19.43" xbr="367.43" ybr="363.43" z_order="0">
    </box>
  </image>
  <image id="62" name="0e6c575ba96e8ada51200ab693508875.jpg" width="384" height="384">
    <box label="black_rat_snake" occluded="0" source="manual" xtl="6.86" ytl="146.86" xbr="354.29" ybr="226.86" z_order="0">
    </box>
  </image>
  <image id="63" name="0e7a35f49762ee28dbb602274b18656e.jpg" width="384" height="384">
    <box label="black_rat_snake" occluded="0" source="manual" xtl="101.71" ytl="50.86" xbr="268.57" ybr="378.86" z_order="0">
    </box>
  </image>
  <image id="64" name="0e8030d44a47f63074209d409c69e92f.jpg" width="384" height="384">
    <box label="black_rat_snake" occluded="0" source="manual" xtl="7.43" ytl="110.86" xbr="316.00" ybr="252.00" z_order="0">
    </box>
  </image>
  <image id="65" name="0e8177278d31f90eb9e58889c59c2097.jpg" width="384" height="384">
    <box label="black_rat_snake" occluded="0" source="manual" xtl="45.71" ytl="26.29" xbr="360.00" ybr="369.14" z_order="0">
    </box>
  </image>
  <image id="66" name="0e8a765aed11acdf52d9251bfd984d0b.jpg" width="384" height="384">
    <box label="black_rat_snake" occluded="0" source="manual" xtl="17.14" ytl="113.14" xbr="346.29" ybr="293.14" z_order="0">
    </box>
  </image>
  <image id="67" name="0e8d15dd1b6adbfe4ec1e362625302b9.jpg" width="384" height="384">
    <box label="black_rat_snake" occluded="0" source="manual" xtl="41.71" ytl="43.43" xbr="322.29" ybr="318.29" z_order="0">
    </box>
  </image>
  <image id="68" name="0e96da6aba6e8bb189fcb9f6221f9bda.jpg" width="384" height="384">
    <box label="black_rat_snake" occluded="0" source="manual" xtl="14.86" ytl="73.14" xbr="364.57" ybr="282.29" z_order="0">
    </box>
  </image>
  <image id="69" name="0ea913b52561d6bc5baffbbe1258e19b.jpg" width="384" height="384">
    <box label="black_rat_snake" occluded="0" source="manual" xtl="17.14" ytl="152.57" xbr="376.57" ybr="245.14" z_order="0">
    </box>
  </image>
  <image id="70" name="0ec751e48d5dc54704907ed76e8b3860.jpg" width="384" height="384">
    <box label="black_rat_snake" occluded="0" source="manual" xtl="19.43" ytl="106.29" xbr="346.86" ybr="280.57" z_order="0">
    </box>
  </image>
  <image id="71" name="0ec8014d0815eee80c308b8e0f4dd24e.jpg" width="384" height="384">
    <box label="black_rat_snake" occluded="0" source="manual" xtl="0.57" ytl="57.71" xbr="345.71" ybr="191.43" z_order="0">
    </box>
  </image>
  <image id="72" name="0ed3cc15a462fe4507ff40f5dba1d4be.jpg" width="384" height="384">
    <box label="black_rat_snake" occluded="0" source="manual" xtl="9.71" ytl="178.29" xbr="378.29" ybr="221.71" z_order="0">
    </box>
  </image>
  <image id="73" name="0ef9854dd06c9cc53864923237e63607.jpg" width="384" height="384">
    <box label="black_rat_snake" occluded="0" source="manual" xtl="65.14" ytl="69.14" xbr="317.71" ybr="311.43" z_order="0">
    </box>
  </image>
  <image id="74" name="0f04749d40988c9dd56f5de21c745a2d.jpg" width="384" height="384">
    <box label="black_rat_snake" occluded="0" source="manual" xtl="7.43" ytl="116.00" xbr="378.86" ybr="277.71" z_order="0">
    </box>
  </image>
  <image id="75" name="0f12b38ffd1fd7e3f03afbce9ee3d13f.jpg" width="384" height="384">
    <box label="black_rat_snake" occluded="0" source="manual" xtl="130.86" ytl="11.43" xbr="259.43" ybr="284.00" z_order="0">
    </box>
  </image>
  <image id="76" name="0f151f9b7a7ade994701b7f1c4850145.jpg" width="384" height="384">
    <box label="black_rat_snake" occluded="0" source="manual" xtl="69.14" ytl="33.14" xbr="278.86" ybr="366.29" z_order="0">
    </box>
  </image>
  <image id="77" name="0f226d364568a3cf6d76a2673d54e72e.jpg" width="384" height="384">
    <box label="black_rat_snake" occluded="0" source="manual" xtl="102.29" ytl="114.86" xbr="217.71" ybr="311.43" z_order="0">
    </box>
  </image>
  <image id="78" name="0f263a38eed30b09e5fad610693af120.jpg" width="384" height="384">
    <box label="black_rat_snake" occluded="0" source="manual" xtl="72.00" ytl="56.57" xbr="322.86" ybr="329.71" z_order="0">
    </box>
  </image>
  <image id="79" name="0f367e93b3026a70143d95c97478881f.jpg" width="384" height="384">
    <box label="black_rat_snake" occluded="0" source="manual" xtl="158.86" ytl="85.14" xbr="296.57" ybr="211.43" z_order="0">
    </box>
  </image>
  <image id="80" name="0f469ab73edc5f9f6b9019bab766e0a0.jpg" width="384" height="384">
    <box label="black_rat_snake" occluded="0" source="manual" xtl="18.86" ytl="186.86" xbr="366.86" ybr="299.43" z_order="0">
    </box>
  </image>
  <image id="81" name="0f470cfd63dac02f918cf10b205c4340.jpg" width="384" height="384">
    <box label="black_rat_snake" occluded="0" source="manual" xtl="131.43" ytl="9.14" xbr="221.71" ybr="352.57" z_order="0">
    </box>
  </image>
  <image id="82" name="0f6abe1e3b5567ee64f5b7709102bf5c.jpg" width="384" height="384">
    <box label="black_rat_snake" occluded="0" source="manual" xtl="115.43" ytl="87.43" xbr="290.29" ybr="320.57" z_order="0">
    </box>
  </image>
  <image id="83" name="0f720a01f97ef03511b25ad0cc4f7e1e.jpg" width="384" height="384">
    <box label="black_rat_snake" occluded="0" source="manual" xtl="22.86" ytl="37.14" xbr="308.57" ybr="224.57" z_order="0">
    </box>
  </image>
  <image id="84" name="0f85b9607bc1d48786dc45b8af99baa5.jpg" width="384" height="384">
    <box label="black_rat_snake" occluded="0" source="manual" xtl="26.29" ytl="62.29" xbr="369.71" ybr="366.29" z_order="0">
    </box>
  </image>
  <image id="85" name="0fb2e64413e56c7af4947abc96d53798.jpg" width="384" height="384">
    <box label="black_rat_snake" occluded="0" source="manual" xtl="137.14" ytl="6.29" xbr="213.71" ybr="361.14" z_order="0">
    </box>
  </image>
  <image id="86" name="0fb9ce561b0a00837729c895beeac697.jpg" width="384" height="384">
    <box label="black_rat_snake" occluded="0" source="manual" xtl="12.57" ytl="56.00" xbr="290.86" ybr="325.14" z_order="0">
    </box>
  </image>
  <image id="87" name="0fdd800c58b48df8034222a9cb60b46e.jpg" width="384" height="384">
    <box label="black_rat_snake" occluded="0" source="manual" xtl="52.57" ytl="60.00" xbr="368.57" ybr="326.29" z_order="0">
    </box>
  </image>
  <image id="88" name="0fdd80c6ac11b040fc91cf15b9605b16.jpg" width="384" height="384">
    <box label="black_rat_snake" occluded="0" source="manual" xtl="20.57" ytl="94.29" xbr="345.71" ybr="303.43" z_order="0">
    </box>
  </image>
  <image id="89" name="0fe0af3a3af7a8ecad9bcd6abc9bea05.jpg" width="384" height="384">
    <box label="black_rat_snake" occluded="0" source="manual" xtl="69.71" ytl="108.57" xbr="318.86" ybr="286.29" z_order="0">
    </box>
  </image>
  <image id="90" name="0ffffa60e8b093232ff9bb2ba15608c8.jpg" width="384" height="384">
    <box label="black_rat_snake" occluded="0" source="manual" xtl="99.43" ytl="25.71" xbr="253.14" ybr="380.00" z_order="0">
    </box>
  </image>
  <image id="91" name="1a09c1931813419c064260362ca84c91.jpg" width="384" height="384">
    <box label="black_rat_snake" occluded="0" source="manual" xtl="180.00" ytl="0.57" xbr="246.86" ybr="320.57" z_order="0">
    </box>
  </image>
  <image id="92" name="1a0aee4cc32149543ce54563af97bd84.jpg" width="384" height="384">
    <box label="black_rat_snake" occluded="0" source="manual" xtl="68.00" ytl="10.29" xbr="247.43" ybr="377.14" z_order="0">
    </box>
  </image>
  <image id="93" name="1a0e05ec1033f99bcbbe1250e78abc6b.jpg" width="384" height="384">
    <box label="black_rat_snake" occluded="0" source="manual" xtl="30.86" ytl="110.86" xbr="365.71" ybr="273.71" z_order="0">
    </box>
  </image>
  <image id="94" name="1a21c641c723601d23f4659d20c21c78.jpg" width="384" height="384">
    <box label="black_rat_snake" occluded="0" source="manual" xtl="29.71" ytl="130.86" xbr="360.00" ybr="273.14" z_order="0">
    </box>
  </image>
  <image id="95" name="1a2bfed678a078d6fef16217eabac72a.jpg" width="384" height="384">
    <box label="black_rat_snake" occluded="0" source="manual" xtl="28.57" ytl="140.00" xbr="302.86" ybr="254.86" z_order="0">
    </box>
  </image>
  <image id="96" name="1a40d00f0f20f06ee48e6cced532e8f5.jpg" width="384" height="384">
    <box label="black_rat_snake" occluded="0" source="manual" xtl="142.86" ytl="5.14" xbr="202.86" ybr="368.00" z_order="0">
    </box>
  </image>
  <image id="97" name="1a4f724e9475340be3d59b421238bfce.jpg" width="384" height="384">
    <box label="black_rat_snake" occluded="0" source="manual" xtl="117.71" ytl="124.00" xbr="273.14" ybr="372.00" z_order="0">
    </box>
  </image>
  <image id="98" name="1a7bd09644e23ceea4aecbbe5a9b9c52.jpg" width="384" height="384">
    <box label="black_rat_snake" occluded="0" source="manual" xtl="224.57" ytl="200.00" xbr="318.86" ybr="334.86" z_order="0">
    </box>
  </image>
  <image id="99" name="1a8c812c231a848da69c3219ac96448d.jpg" width="384" height="384">
    <box label="black_rat_snake" occluded="0" source="manual" xtl="204.57" ytl="108.00" xbr="327.43" ybr="302.29" z_order="0">
    </box>
  </image>
</annotations>
